id,title,caption,url,image,image_large,width,height
1,Lego people,,,block-1-640w.jpg,block-1-1920w.jpg,1920,1280
2,Lego people,,,block-2-640w.jpg,block-2-1920w.jpg,1920,1280
3,Lego people,,,block-3-640w.jpg,block-3-1920w.jpg,1920,1280
4,Lego people,,,block-4-640w.jpg,block-4-1920w.jpg,1920,1280
5,Lego people,,,block-5-640w.jpg,block-5-1920w.jpg,1920,1280
6,Lego people,,,block-5-640w.jpg,block-5-1920w.jpg,1920,1280
7,Lego people,,,block-6-640w.jpg,block-6-1920w.jpg,1920,1280
8,Lego people,,,block-7-640w.jpg,block-7-1920w.jpg,1920,1280
9,Lego people,,,block-8-640w.jpg,block-8-1920w.jpg,1920,1280
10,Lego people,,,block-10-640w.jpg,block-10-1920w.jpg,1920,1280